Jenjang,Mata Pelajaran,Materi,Sub Materi,Link
7,Matematika,Bilangan Bulat dan Pecahan,Pecahan,https://youtu.be/IRDF-w42G14?si=cX8XZcAhx7DKzvZD
7,Matematika,Bilangan Bulat dan Pecahan,Bilangan Bulat,https://youtu.be/Ke0hDBMEbTc?si=Dz0q-8XBwIhlMgCq
7,Matematika,Himpunan,Himpunan,https://youtu.be/BDntwaTzSlE?si=XWP8cKpU4v6NMY5K
7,Matematika,Aljabar,Aljabar,https://youtu.be/NjBkgXBdN6o?si=Oerba6gr2FRmcbc5
7,Matematika,Persamaan Linear Satu Variabel (PLSV),Persamaan Linear Satu Variabel (PLSV),https://youtu.be/7H_EhKcK2G4?si=9JxiUdbpl1eWwj_2
7,Matematika,Perbandingan,Perbandingan,https://youtu.be/NhOZd0Pu18s?si=cBJCbnxMMlK4terc
7,Matematika,Garis dan Sudut,Garis dan Sudut,https://youtu.be/Od5xUi-L2R0?si=eb_N0k9dMFPLTEnt
7,Matematika,Segitiga dan Segiempat,Segitiga dan Segiempat,https://youtu.be/1sW_W3MsAJ0?si=iVJjW0xc3F1nFLS1
7,Matematika,Statistika,Statistika,https://youtu.be/xu0K42dsELI?si=FIdGWQ5hQSssQ-DS
7,Matematika,Peluang Sederhana,Peluang Sederhana,https://youtu.be/oLdJ0GoD-xU?si=SNk14dGmyLDm6DV5
8,Matematika,Bilangan Berpangkat,Bilangan Berpangkat,https://app.ruangguru.com/ruangbelajar/v/sifat-bilangan-berpangkat-i-subtopi-yn9yejly-hr-smp-kelas-8-kurikulum-merdeka
8,Matematika,Teorema Pythagoras,Teorema Pythagoras,https://youtu.be/6nPsK8H3o64?si=IK9ZPVIJZc_tGpzl
8,Matematika,Persamaan dan Pertidaksamaan Linier Satu Variabel,Persamaan dan Pertidaksamaan Linier Satu Variabel,https://youtu.be/SpZ4wOpPAtw?si=ozRX-gL_U36OY6Zl
8,Matematika,Relasi dan Fungsi,Relasi dan Fungsi,https://youtu.be/IpcKHC2YxRU?si=CFp8uNlcRLMDJUDy
8,Matematika,Persamaan Garis Lurus,Persamaan Garis Lurus,https://youtu.be/dtE2WI0H0og?si=TtR1qsf-6mkRVp87
8,Matematika,Statistika,Statistika,https://youtu.be/vm7XZUZJ-rM?si=YwTe52WXeMhrFSe5
9,Matematika,Bilangan Berpangkat dan Bentuk Akar,Sifat Bilangan Berpangkat,https://app.ruangguru.com/ruangbelajar/v/sifat-bilangan-berpangkat-i-subtopi-oh2ktlu4-hr-smp-kelas-9
9,Matematika,Bilangan Berpangkat dan Bentuk Akar,Bilangan Berpangkat Dipangkatkan,https://app.ruangguru.com/ruangbelajar/v/bilangan-berpangkat-dipangkatkan-subtopi-t24rla3m-hr-smp-kelas-9
9,Matematika,Bilangan Berpangkat dan Bentuk Akar,Bentuk Akar dan Operasinya,https://youtu.be/ppG68dYj_fM?si=-PZqkFvx8J5T20T0
9,Matematika,Persamaan dan Pertidaksamaan Linear Dua Variabel (SPLDV),Persamaan dan Pertidaksamaan Linear Dua Variabel (SPLDV),https://app.ruangguru.com/ruangbelajar/v/penerapan-spldv-subtopi-8mbmg7xh-hr-smp-kelas-9
9,Matematika,Fungsi dan Grafik Fungsi,Fungsi dan Grafik Fungsi,https://youtu.be/IpcKHC2YxRU?si=vgJk_POIPj0BjMTr
9,Matematika,Teorema Pythagoras dan Penerapannya,Teorema Pythagoras dan Penerapannya,https://youtu.be/6nPsK8H3o64?si=NuwFZSdNJlDHIlue
9,Matematika,Bangun Ruang Sisi Lengkung,Bangun Ruang Sisi Lengkung,https://youtu.be/auE8Rz4ecJE?si=XyBNvMDI4PuxOj7y
9,Matematika,Statistika dan Peluang,Statistika dan Peluang,https://youtu.be/Nn3jqpVvKhY?si=iVkTdTZzdNOMqXXX
9,Matematika,Transformasi Geometri,Transformasi Geometri,https://youtu.be/LHmAPoyi9K0?si=JNPUKvRroDAlCjKf
9,Matematika,Transformasi Geometri,Transformasi Geometri,https://youtu.be/jLuWoxf0TXk?si=lLBL3-zjz0aW9-cr
9,Matematika,Lingkaran,Lingkaran,https://youtu.be/pqKpyEvaB5k?si=Tx7Tk5JG42E_kwsj
9,Matematika,Kesebangunan dan Kekongruenan,Kesebangunan dan Kekongruenan,https://youtu.be/RdEXHsf3C-s?si=zU4asfUgmHLlgIJL
9,Matematika,Barisan dan Deret,Barisan dan Deret,https://youtu.be/IpcKHC2YxRU?si=kBc2gaBNPyFZaXmt
7,IPA,Objek IPA dan Pengamatannya,Pengertian IPA,https://www.youtube.com/watch?v=deG_BJXsTW0
7,IPA,Objek IPA dan Pengamatannya,Objek yang Dipelajari dalam IPA,https://www.youtube.com/watch?v=o1VCKOBUxRE
7,IPA,Objek IPA dan Pengamatannya,Prosedur Ilmiah,https://www.youtube.com/watch?v=iRnAGOSRrXY
7,IPA,Objek IPA dan Pengamatannya,Alat dan Keselamatan Kerja di Laboratorium,https://www.youtube.com/watch?v=vIZxCjZ5dxA
7,IPA,Klasifikasi Makhluk Hidup,Ciri-ciri Makhluk Hidup,https://www.youtube.com/watch?v=CE7ag-NefZs
7,IPA,Klasifikasi Makhluk Hidup,Dasar Klasifikasi Makhluk Hidup,https://www.youtube.com/watch?v=lTcVGIg-OYY
7,IPA,Klasifikasi Makhluk Hidup,Sistem Klasifikasi Makhluk Hidup,https://www.youtube.com/watch?v=PfoFxjYScX0
7,IPA,Klasifikasi Makhluk Hidup,"Pengenalan Kingdom Monera, Protista, Fungi, Plantae, Animalia",https://www.youtube.com/watch?v=mgplFHgs3nY
7,IPA,Klasifikasi Materi dan Perubahannya,Zat Tunggal dan Campuran,https://www.youtube.com/watch?v=0nl7fAaFxlY
7,IPA,Klasifikasi Materi dan Perubahannya,Ciri-ciri Campuran dan Pemisahan Campuran,https://www.youtube.com/watch?v=cukI_slrRJ0
7,IPA,Klasifikasi Materi dan Perubahannya,Perubahan Fisika dan Perubahan Kimia,https://www.youtube.com/watch?v=SrF81FKhX-E
7,IPA,Suhu dan Perubahannya,Pengertian Suhu dan Alat Ukur Suhu,https://www.youtube.com/watch?v=nsKhINzbUPc
7,IPA,Suhu dan Perubahannya,Skala Suhu,https://www.youtube.com/watch?v=bJDYxkeQuuY
7,IPA,Suhu dan Perubahannya,Perubahan Wujud Benda akibat Suhu,https://www.youtube.com/watch?v=_rukoo9CA5U
7,IPA,Energi dalam Sistem Kehidupan,Bentuk Energi,https://www.youtube.com/watch?v=3snoSFvuuY8
7,IPA,Energi dalam Sistem Kehidupan,Perubahan Energi,https://www.youtube.com/watch?v=nuH1lNBXLRw
7,IPA,Energi dalam Sistem Kehidupan,Sumber Energi dan Pemanfaatannya,https://www.youtube.com/watch?v=ni9fvLu6IKw
7,IPA,Interaksi Makhluk Hidup dengan Lingkungannya,Komponen Ekosistem,https://www.youtube.com/watch?v=D8y1FZXNRfo&pp=ygUSa29tcG9uZW4gZWtvc2lzdGVt
7,IPA,Interaksi Makhluk Hidup dengan Lingkungannya,Rantai Makanan dan Jaring-jaring Makanan,https://www.youtube.com/watch?v=wdNgLUFSJOc
7,IPA,Interaksi Makhluk Hidup dengan Lingkungannya,Aliran Energi,https://www.youtube.com/watch?v=3SUlM3I5Lbg
7,IPA,Interaksi Makhluk Hidup dengan Lingkungannya,Daur Biogeokimia,https://www.youtube.com/watch?v=vQHu01MhHFg&pp=ygUOZGF1ciBiZW9nZWtpbWk%3D
7,IPA,Sistem Organisasi Kehidupan,Tingkatan Organisasi Kehidupan,https://www.youtube.com/watch?v=YO1O7Xz3tvU&pp=ygUeVGluZ2thdGFuIE9yZ2FuaXNhc2kgS2VoaWR1cGFu
7,IPA,Sistem Organisasi Kehidupan,Struktur dan Fungsi Jaringan,https://www.youtube.com/watch?v=UGQwHYVGHi8&pp=ygUcU3RydWt0dXIgZGFuIEZ1bmdzaSBKYXJpbmdhbg%3D%3D
7,IPA,Sistem Organisasi Kehidupan,Organ dan Sistem Organ,https://www.youtube.com/watch?v=VzoPfyaJaZQ
7,IPA,Pencemaran Lingkungan,Jenis-jenis Pencemaran,https://www.youtube.com/watch?v=bGdC-H6ws8k&pp=ygUcSkVOSVMyIFBFTkNFTUFSQU4gTElOR0tVTkdBTg%3D%3D
7,IPA,Pencemaran Lingkungan,Dampak Pencemaran,https://www.youtube.com/watch?v=h48hkoR7WoY&pp=ygURREFNUEFLIFBFTkNFTUFSQU4%3D
7,IPA,Pencemaran Lingkungan,Upaya Penanggulangan,https://www.youtube.com/watch?v=HLI2Ek3Pj3w&pp=ygUqVVBBWUEgUEVOQU5HR1VMQU5HQU4gUEVOQ0VNQVJBTiBMSU5HS1VOR0FO
8,IPA,Gerak Benda Dan Makhluk Hidup di Lingkungan Sekitar,Pengertian Gerak,https://www.youtube.com/watch?v=l6e0X2N1rwM&pp=ygUTZ2VyYWsgYmVuZGEga2VsYXMgOA%3D%3D
8,IPA,Gerak Benda Dan Makhluk Hidup di Lingkungan Sekitar,Jenis-Jenis Gerak,https://www.youtube.com/watch?v=YxKNrasx7sQ&pp=ygUZSkVOSVMgZ2VyYWsgYmVuZGEga2VsYXMgOA%3D%3D
8,IPA,Gerak Benda Dan Makhluk Hidup di Lingkungan Sekitar,Gerak pada makhluk hidup,https://www.youtube.com/watch?v=eG7oFRfydvk&pp=ygUZR0VSQUsgUEFEQSBNQUtITFVLIEhJSUZVUA%3D%3D
8,IPA,Usaha Dan Pessawat Sederhana,Pengertian Usaha,https://www.youtube.com/watch?v=GaV3SVbMhL0
8,IPA,Usaha Dan Pessawat Sederhana,Pesawat Sederhana,https://www.youtube.com/watch?v=rey9tDY97Xs
8,IPA,Usaha Dan Pessawat Sederhana,Contoh penerapan dalam kehidupan,https://www.youtube.com/watch?v=rey9tDY97Xs
8,IPA,Struktur dan Fungsi Tumbuhan,Struktur organ tumbuhan,https://www.youtube.com/watch?v=EztxwW0uD9I
8,IPA,Struktur dan Fungsi Tumbuhan,Fungsi Bagian-bagian Tumbuhan,https://www.youtube.com/watch?v=mXMOZcF2mNE&pp=ygUdRnVuZ3NpIEJhZ2lhbi1iYWdpYW4gVHVtYnVoYW4%3D
8,IPA,Struktur dan Fungsi Tumbuhan,Proses Fotosintesis,https://www.youtube.com/watch?v=jUAj6LIprxM&pp=ygUTUHJvc2VzIEZvdG9zaW50ZXNpcw%3D%3D
8,IPA,Sistem Pencernaan Manusia,Organ Pencernaan Manusia,https://www.youtube.com/watch?v=RNvWDnCoMwE&pp=ygUZT3JnYW4gUGVuY2VybmFhbiBNYW51c2lhIA%3D%3D
8,IPA,Sistem Pencernaan Manusia,Proses Pencernaan,https://www.youtube.com/watch?v=8gvvB9POcVQ&pp=ygUZT3JnYW4gUGVuY2VybmFhbiBNYW51c2lhIA%3D%3D
8,IPA,Sistem Pencernaan Manusia,Gangguan Sistem Pencernaan,https://www.youtube.com/watch?v=ok0ruwLooTU&pp=ygUaR2FuZ2d1YW4gU2lzdGVtIFBlbmNlcm5hYW4%3D
8,IPA,Zat Aditif dan Zat Adiktif,Zat Aditif dalam Makanan,https://www.youtube.com/watch?v=VUdc6MeWbB8&pp=ygUYWmF0IEFkaXRpZiBkYWxhbSBNYWthbmFu0gcJCYYJAYcqIYzv
8,IPA,Zat Aditif dan Zat Adiktif,Zat Adiktif dan Dampaknya,https://www.youtube.com/watch?v=KOpQZMqScEY&pp=ygUZWmF0IEFkaWt0aWYgZGFuIERhbXBha255YQ%3D%3D
8,IPA,Tekanan dalam Kehidupan Sehari-hari,"Tekanan pada Zat Padat,Cair, dan Gas",https://www.youtube.com/watch?v=0im6g1Xw3l4
8,IPA,Tekanan dalam Kehidupan Sehari-hari,Penerapan Tekanan,https://www.youtube.com/watch?v=0im6g1Xw3l4
8,IPA,Sistem Pernapasan Manusia,Organ Pernapasan,https://www.youtube.com/watch?v=9FN_APQmTRk&pp=ygUQT3JnYW4gUGVybmFwYXNhbg%3D%3D
8,IPA,Sistem Pernapasan Manusia,Proses Pernapasan,https://www.youtube.com/watch?v=pUO8nqd-U84&pp=ygURUHJvc2VzIFBlcm5hcGFzYW4%3D
8,IPA,Sistem Pernapasan Manusia,Gangguan Pernapasan,https://www.youtube.com/watch?v=3HRDOa8jomA&pp=ygUXR2FuZ2d1YW4gUGVybmFwYXNhbiBzbXA%3D
8,IPA,Sistem Ekskresi pada Manusia,Organ Ekresi,https://www.youtube.com/watch?v=uWZEm6KghX8
8,IPA,Sistem Ekskresi pada Manusia,Proses dan Fungsi Ekskresi,https://www.youtube.com/watch?v=uWZEm6KghX8
8,IPA,Sistem Ekskresi pada Manusia,Gangguan Sistem Ekskresi,https://www.youtube.com/watch?v=w0BgJVLWF3Y&pp=ygUXR0FOR0dVQU4gU0lTVEVNIEVLU1JFU0k%3D
8,IPA,"Getaran, Gelombang, dan Bunyi",Pengertian Getaran dan Gelombang,https://www.youtube.com/watch?v=x1x71WPgy8I&pp=ygUgUGVuZ2VydGlhbiBHZXRhcmFuIGRhbiBHZWxvbWJhbmc%3D
8,IPA,"Getaran, Gelombang, dan Bunyi",Jenis-Jenis Gelombang,https://www.youtube.com/watch?v=7oMnsyLnCSo&pp=ygUVSmVuaXMtSmVuaXMgR2Vsb21iYW5n
8,IPA,"Getaran, Gelombang, dan Bunyi",Sifat Gelombang dan Bunyi,https://www.youtube.com/watch?v=hmOIacMste0&pp=ygUZU2lmYXQgR2Vsb21iYW5nIGRhbiBCdW55aQ%3D%3D
9,IPA,Sistem Reproduksi pada Manusia,Organ Reproduksi Pria dan Wanita,https://www.youtube.com/watch?v=a896ZJGRRE4&pp=ygUgT3JnYW4gUmVwcm9kdWtzaSBQcmlhIGRhbiBXYW5pdGE%3D
9,IPA,Sistem Reproduksi pada Manusia,Proses Reproduksi,https://www.youtube.com/watch?v=ncNlvWEoeNQ&t=123s&pp=ygURUFJPU0VTIFJFUFJPRFVLU0k%3D
9,IPA,Sistem Reproduksi pada Manusia,Penyakitdan Gangguan Reproduksi,https://www.youtube.com/watch?v=H1AWR0hxp6Y&pp=ygUfUGVueWFraXRkYW4gR2FuZ2d1YW4gUmVwcm9kdWtzadIHCQmLCQGHKiGM7w%3D%3D
9,IPA,Pewarisan Sifat,Gen dan Alel,https://www.youtube.com/watch?v=7aQ_vTYEdks&pp=ygUMR2VuIGRhbiBBbGVs
9,IPA,Pewarisan Sifat,Hukum Mendel,https://www.youtube.com/watch?v=Cweg3IxtT5k&pp=ygUMSHVrdW0gTWVuZGVs
9,IPA,Pewarisan Sifat,Pewarisan Sifat pada Manusia,https://www.youtube.com/watch?v=YogvpinZRC4&pp=ygUcUGV3YXJpc2FuIFNpZmF0IHBhZGEgTWFudXNpYQ%3D%3D
9,IPA,Partikel Penyusun Benda dan Perubahanya,Teori Atom,https://www.youtube.com/watch?v=L3c_9IakU3M&pp=ygULVGVvcmkgQXRvbSA%3D
9,IPA,Partikel Penyusun Benda dan Perubahanya,Struktur Atom,https://www.youtube.com/watch?v=pD3wmt9b7Cs&pp=ygUNU3RydWt0dXIgQXRvbQ%3D%3D
9,IPA,Partikel Penyusun Benda dan Perubahanya,Sistem Periodik Unsur,https://www.youtube.com/watch?v=r1PDhmHqIYY&pp=ygUdU2lzdGVtIFBlcmlvZGlrIFVuc3VyIEtFTEFTIDk%3D
9,IPA,Listrik Statis dan Dinamis,Listrik Statis,https://www.youtube.com/watch?v=H65ZcxYMSzg&pp=ygUOTGlzdHJpayBTdGF0aXM%3D
9,IPA,Listrik Statis dan Dinamis,Listrik Dinamis,https://www.youtube.com/watch?v=V-nF0cqmjgk&pp=ygUQTGlzdHJpayBEaW5hbWlzIA%3D%3D
9,IPA,Listrik Statis dan Dinamis,Rangkaian Listrik,https://www.youtube.com/watch?v=HPVWZtUIuos&pp=ygURUmFuZ2thaWFuIExpc3RyaWs%3D
9,IPA,Kemagnetan dan Pemanfaatanya,Sifat-sifat Magnet,https://www.youtube.com/watch?v=txOePkQ8kFs&pp=ygUSU2lmYXQtc2lmYXQgTWFnbmV0
9,IPA,Kemagnetan dan Pemanfaatanya,Medan Magnet,https://www.youtube.com/watch?v=f4N9Lp41IAg&pp=ygUUbWVkYW4gbWFnbmV0IGtlbGFzIDk%3D
9,IPA,Kemagnetan dan Pemanfaatanya,Pembuatan dan Penggunaan Magnet,https://www.youtube.com/watch?v=Cp-46PzT-4g&pp=ygUgUGVtYnVhdGFuIGRhbiBQZW5nZ3VuYWFuIE1hZ25ldCA%3D
9,IPA,Tata Surya,Anggota Tata Surya,https://www.youtube.com/watch?v=oDMWK9MGJH0&pp=ygUSQW5nZ290YSBUYXRhIFN1cnlh
9,IPA,Tata Surya,Pergerakan Bumi dan Bulan,https://www.youtube.com/watch?v=1yIOJkCjHTk&pp=ygUZUGVyZ2VyYWthbiBCdW1pIGRhbiBCdWxhbg%3D%3D
9,IPA,Tata Surya,Gerhana dan Pasang Surut,https://www.youtube.com/watch?v=-4JTm5837YI&pp=ygUZR2VyaGFuYSBkYW4gUGFzYW5nIFN1cnV0IA%3D%3D
9,IPA,Tanah dan Keberlangsungan Kehidupan,Proses Pembentukan Tanah,https://www.youtube.com/watch?v=5OqFIIplqgo&pp=ygUZUHJvc2VzIFBlbWJlbnR1a2FuIFRhbmFoIA%3D%3D
9,IPA,Tanah dan Keberlangsungan Kehidupan,Jenis-jenis Tanah,https://www.youtube.com/watch?v=dzHk1fvag18&pp=ygUSSmVuaXMtamVuaXMgVGFuYWgg0gcJCYsJAYcqIYzv
9,IPA,Tanah dan Keberlangsungan Kehidupan,Pelestarian Tanah,https://www.youtube.com/watch?v=jou2YyJOMxo&pp=ygUSUGVsZXN0YXJpYW4gVGFuYWgg
9,IPA,Perkembangan Ilmu Pengetahuan dan Teknologi,Dampak Iptek dalam Kehidupan,https://www.youtube.com/watch?v=iYpWUSByL8w&pp=ygUcRGFtcGFrIElwdGVrIGRhbGFtIEtlaGlkdXBhbg%3D%3D
9,IPA,Perkembangan Ilmu Pengetahuan dan Teknologi,Teknologi Ramah Lingkungan,https://www.youtube.com/watch?v=EX7yKI6bL9g&pp=ygUbVGVrbm9sb2dpIFJhbWFoIExpbmdrdW5nYW4g
10,Fisika,Pengukuran,Besaran dan Satuan,https://www.youtube.com/watch?v=gktHsmDjQEM&list=PLovW1TU0Q47yMBBQKezzFp8i5r8DNLs5H
10,Fisika,Pengukuran,Alat Ukur dan Ketelitian,https://www.youtube.com/watch?v=KPEO3G0XNKs&pp=ygUYQWxhdCBVa3VyIGRhbiBLZXRlbGl0aWFu
10,Fisika,Pengukuran,Kesalahan Pengukuran,https://www.youtube.com/watch?v=6ZioD1WwRuc&list=PLog6_k-sWUcCE-yz5dTxLl8jG2xKSRZ5t
10,Fisika,Gerak Lurus,"Konsep Gerak, Jarak & Perpindahan",https://www.youtube.com/watch?v=ZfdGlH9_jaM&pp=ygUhS29uc2VwIEdlcmFrLCBKYXJhayAmIFBlcnBpbmRhaGFu
10,Fisika,Gerak Lurus,Kecepatan & Kelajuan,https://www.youtube.com/watch?v=UhxxILcof6Y&pp=ygUUS2VjZXBhdGFuICYgS2VsYWp1YW4%3D
10,Fisika,Gerak Lurus,Percepatan,https://www.youtube.com/watch?v=8OnGf30Sv_4&pp=ygUKUGVyY2VwYXRhbg%3D%3D
10,Fisika,Gerak Lurus,Grafik GLB & GLBB,https://www.youtube.com/watch?v=NqtMG00Vxoo&pp=ygURR3JhZmlrIEdMQiAmIEdMQkLSBwkJiwkBhyohjO8%3D
10,Fisika,Gerak Parabola dan Melingkar,Gerak Vertikal,https://www.youtube.com/watch?v=WjK8oaTNng0&pp=ygUOR2VyYWsgVmVydGlrYWzSBwkJiwkBhyohjO8%3D
10,Fisika,Gerak Parabola dan Melingkar,Gerak Parabola,https://www.youtube.com/watch?v=mk1j0qqhT7E&pp=ygUOR2VyYWsgUGFyYWJvbGE%3D
10,Fisika,Gerak Parabola dan Melingkar,Gerak Melingkar Beraturan,https://www.youtube.com/watch?v=Lh0j2yztNWc&pp=ygUZR2VyYWsgTWVsaW5na2FyIEJlcmF0dXJhbg%3D%3D
10,Fisika,Hukum Newton,"Hukum Newton I, II, III",https://www.youtube.com/watch?v=RKQ4LDHV6KM&pp=ygUXSHVrdW0gTmV3dG9uIEksIElJLCBJSUk%3D
10,Fisika,Hukum Newton,Penerapan Hukum Newton,https://www.youtube.com/watch?v=XS2BuADtuPY&pp=ygUWUGVuZXJhcGFuIEh1a3VtIE5ld3Rvbg%3D%3D
10,Fisika,Usaha dan Energi,Definisi Usaha & Energi,https://www.youtube.com/watch?v=fKE_dXrypOs&pp=ygUXRGVmaW5pc2kgVXNhaGEgJiBFbmVyZ2k%3D
10,Fisika,Usaha dan Energi,Energi Potensial & Kinetik,https://www.youtube.com/watch?v=TQaiL0u-R5Q&pp=ygUaRW5lcmdpIFBvdGVuc2lhbCAmIEtpbmV0aWs%3D
10,Fisika,Usaha dan Energi,Hukum Kekekalan Energi Mekanik,https://www.youtube.com/watch?v=RfmtqxygTY4&pp=ygUeSHVrdW0gS2VrZWthbGFuIEVuZXJnaSBNZWthbmlr
10,Fisika,Momentum dan Impuls,Momentum,https://www.youtube.com/watch?v=l6SVStydZT4&pp=ygUITW9tZW50dW0%3D
10,Fisika,Momentum dan Impuls,Impuls,https://www.youtube.com/watch?v=l6SVStydZT4&pp=ygUITW9tZW50dW0%3D
10,Fisika,Momentum dan Impuls,Tumbukan,https://www.youtube.com/watch?v=kiul14nhIfo&pp=ygUIVHVtYnVrYW4%3D
10,Fisika,Fluida Statis,Tekanan Hidrostatis,https://www.youtube.com/watch?v=MCx4x8qGmkc&pp=ygUTVGVrYW5hbiBIaWRyb3N0YXRpc9IHCQmLCQGHKiGM7w%3D%3D
10,Fisika,Fluida Statis,Hukum Pascal & Archimedes,https://www.youtube.com/watch?v=hqC3yhNnLGs&pp=ygUZSHVrdW0gUGFzY2FsICYgQXJjaGltZWRlcw%3D%3D
11,Fisika,Fluida Dinamis,Debit & Kontinuitas,https://www.youtube.com/watch?v=i94bqmv86jY&pp=ygUTRGViaXQgJiBLb250aW51aXRhcw%3D%3D
11,Fisika,Fluida Dinamis,Hukum Bernoulli,https://www.youtube.com/watch?v=iFkZoQ4pqIM&pp=ygUPSHVrdW0gQmVybm91bGxp
11,Fisika,Suhu dan Kalor,"Pengertian Suhu, Termometer",https://www.youtube.com/watch?v=UmTJ_0BNN9M&pp=ygUbUGVuZ2VydGlhbiBTdWh1LCBUZXJtb21ldGVy
11,Fisika,Suhu dan Kalor,Kalor & Perpindahannya,https://www.youtube.com/watch?v=otox7jN_CXU&list=PLovW1TU0Q47xPAcE4ZscsL_VhBm_2V8Zl
11,Fisika,Suhu dan Kalor,Kapasitas Kalor & Kalor Jenis,https://www.youtube.com/watch?v=7zHqqGnP-Wk&pp=ygUdS2FwYXNpdGFzIEthbG9yICYgS2Fsb3IgSmVuaXM%3D
11,Fisika,Suhu dan Kalor,Asas Black,https://www.youtube.com/watch?v=MLbem0WLTrQ&pp=ygUKQXNhcyBCbGFjaw%3D%3D
11,Fisika,Teori Kinetik Gas,Hukum Gas Ideal,https://www.youtube.com/watch?v=kwNhd1hb0cs&pp=ygUPSHVrdW0gR2FzIElkZWFs
11,Fisika,Teori Kinetik Gas,Persamaan Gas Ideal,https://www.youtube.com/watch?v=aK_qcR5VGJw&pp=ygUTUGVyc2FtYWFuIEdhcyBJZGVhbA%3D%3D
11,Fisika,Gelombang Mekanik,Jenis Gelombang,https://www.youtube.com/watch?v=7oMnsyLnCSo&pp=ygUPSmVuaXMgR2Vsb21iYW5n
11,Fisika,Gelombang Mekanik,Karakter Gelombang,https://www.youtube.com/watch?v=qIo1HiX8vhc&pp=ygUSS2FyYWt0ZXIgR2Vsb21iYW5n0gcJCYsJAYcqIYzv
11,Fisika,Gelombang Mekanik,"Interferensi, Difraksi, Resonansi",https://www.youtube.com/watch?v=mkMb6hkk-VY&pp=ygUhSW50ZXJmZXJlbnNpLCBEaWZyYWtzaSwgUmVzb25hbnNp
11,Fisika,Bunyi,Sifat-sifat Bunyi,https://www.youtube.com/watch?v=zTehAP1I_uQ&pp=ygURU2lmYXQtc2lmYXQgQnVueWk%3D
11,Fisika,Bunyi,Resonansi Bunyi,https://www.youtube.com/watch?v=nQ7uLjRDMBc&pp=ygUPUmVzb25hbnNpIEJ1bnlp
11,Fisika,Bunyi,Efek Doppler,https://www.youtube.com/watch?v=9yOz5GpQ9pE&pp=ygUMRWZlayBEb3BwbGVy
11,Fisika,Cahaya,Hukum Pemantulan & Pembiasan,https://www.youtube.com/watch?v=stNsSMtOta8&pp=ygUcSHVrdW0gUGVtYW50dWxhbiAmIFBlbWJpYXNhbg%3D%3D
11,Fisika,Cahaya,Alat Optik,https://www.youtube.com/watch?v=8AHcreGax_A&pp=ygUKQWxhdCBPcHRpaw%3D%3D
11,Fisika,Cahaya,Prisma & Dispersi Cahaya,https://www.youtube.com/watch?v=6ZzyBb75Wl8&pp=ygUYUHJpc21hICYgRGlzcGVyc2kgQ2FoYXlh
12,Fisika,Listrik Statis,Muatan & Medan Listrik,https://www.youtube.com/watch?v=OmJMFNJ1dKY&pp=ygUWTXVhdGFuICYgTWVkYW4gTGlzdHJpaw%3D%3D
12,Fisika,Listrik Statis,Hukum Coulomb,https://www.youtube.com/watch?v=JZNFwsugY0k&pp=ygUNSHVrdW0gQ291bG9tYg%3D%3D
12,Fisika,Listrik Statis,Potensial & Energi Listrik,https://www.youtube.com/watch?v=VHgJXhutCEs&pp=ygUaUG90ZW5zaWFsICYgRW5lcmdpIExpc3RyaWs%3D
12,Fisika,Listrik Dinamis,"Arus, Tegangan, Hambatan",https://www.youtube.com/watch?v=rjpr_Q-B0bk&pp=ygUYQXJ1cywgVGVnYW5nYW4sIEhhbWJhdGFu
12,Fisika,Listrik Dinamis,Hukum Ohm,https://www.youtube.com/watch?v=xt8Um5Z0oPA&pp=ygUJSHVrdW0gT2ht
12,Fisika,Listrik Dinamis,Rangkaian Seri & Paralel,https://www.youtube.com/watch?v=qbkjwlE-iwA&pp=ygUYUmFuZ2thaWFuIFNlcmkgJiBQYXJhbGVs
12,Fisika,Medan Magnet,Medan Magnet oleh Arus,https://www.youtube.com/watch?v=WdwZ_L6SgyQ&pp=ygUWTWVkYW4gTWFnbmV0IG9sZWggQXJ1cw%3D%3D
12,Fisika,Medan Magnet,Gaya Lorentz,https://www.youtube.com/watch?v=QDz0bxauFyY&pp=ygUMR2F5YSBMb3JlbnR6
12,Fisika,Medan Magnet,Hukum Faraday & Lenz,https://www.youtube.com/watch?v=BCiFgRyoQU4&pp=ygUUSHVrdW0gRmFyYWRheSAmIExlbno%3D
12,Fisika,Induksi Elektromagnetik,Arus Induksi,https://www.youtube.com/watch?v=Gcy-dC3bPZ4&pp=ygUMQXJ1cyBJbmR1a3Np
12,Fisika,Induksi Elektromagnetik,Generator & Transformator,https://www.youtube.com/watch?v=p_WP49tfzyw&pp=ygUZR2VuZXJhdG9yICYgVHJhbnNmb3JtYXRvcg%3D%3D
12,Fisika,Gelombang Elektromagnetik,Spektrum Gelombang EM,https://www.youtube.com/watch?v=ewevHncauto&pp=ygUVU3Bla3RydW0gR2Vsb21iYW5nIEVN
12,Fisika,Gelombang Elektromagnetik,Aplikasi Gelombang EM,https://www.youtube.com/watch?v=rYwIdByhfK4&pp=ygUVQXBsaWthc2kgR2Vsb21iYW5nIEVN0gcJCYsJAYcqIYzv
12,Fisika,Relativitas Khusus,Konsep Relativitas,https://www.youtube.com/watch?v=RKq4a5idghs&pp=ygUSS29uc2VwIFJlbGF0aXZpdGFz
12,Fisika,Relativitas Khusus,Dilatasi Waktu & Kontraksi Panjang,https://www.youtube.com/watch?v=PvZfidyDG2E&pp=ygUiRGlsYXRhc2kgV2FrdHUgJiBLb250cmFrc2kgUGFuamFuZw%3D%3D
12,Fisika,Fisika Modern,Dualisme Gelombang-Partikel,https://www.youtube.com/watch?v=XvTZLTsyFd0&pp=ygUbRHVhbGlzbWUgR2Vsb21iYW5nLVBhcnRpa2Vs
12,Fisika,Fisika Modern,Efek Fotolistrik,https://www.youtube.com/watch?v=XYRmj7Lt_EQ&pp=ygUQRWZlayBGb3RvbGlzdHJpaw%3D%3D
12,Fisika,Fisika Modern,Teori Kuantum,https://www.youtube.com/watch?v=88Y7B_zgLk4&pp=ygUWVGVvcmkgS3VhbnR1bSBrZWxhcyAxMg%3D%3D
10,Matematika,Bilangan,Eksponen,https://youtu.be/ncMPC_rh5do?si=BfCuoMHU_Ibr-ZO0
10,Matematika,Bilangan,Bentuk Akar,https://youtu.be/ohzZ43OXzQc?si=f7fcVJM9nJw5ftwW
10,Matematika,Bilangan,Logaritma,https://youtu.be/1GTO34Gm5ho?si=8fkC381UJ8Qlx7Zk
10,Matematika,Bilangan,Barisan dan Deret Aritmatika,https://youtu.be/vKtQB8YX7VU?feature=shared
10,Matematika,Bilangan,Barisan dan Deret Geometri,https://youtu.be/zyglN6v6ID8?feature=shared
10,Matematika,Bilangan,Deret Geometri Tak Hingga,https://youtu.be/5F9l6BifTnA?feature=shared
10,Matematika,Bilangan,Aplikasi Barisan dan Deret,https://youtu.be/0LtDgtL_r_w?feature=shared
10,Matematika,Bilangan,Aplikasi Barisan dan Deret (Anuitas),https://youtu.be/aBmlMUI-cfs?feature=shared
10,Matematika,Bilangan,Aplikasi Barisan dan Deret (Pertumbuhan dan Peluruhan),https://youtu.be/8WbOt7R2z0s?feature=shared
10,Matematika,Aljabar dan Fungsi,Sistem Persamaan Linear Dua Variabel,https://youtu.be/H_l5LZ03bac?feature=shared
10,Matematika,Aljabar dan Fungsi,Sistem Pertidaksamaan Linear Dua Variabel,https://youtu.be/24h2XNAp3Is?feature=shared
10,Matematika,Aljabar dan Fungsi,Persamaan Kuadrat,https://youtu.be/HE_9PX0vjJk?feature=shared
10,Matematika,Aljabar dan Fungsi,Fungsi Kuadrat,https://youtu.be/qYZqAAAvnO8?feature=shared
10,Matematika,Aljabar dan Fungsi,Persamaan Eksponen,https://youtu.be/iusRD8yr9-Y?feature=shared
10,Matematika,Aljabar dan Fungsi,Fungsi Eksponen,https://youtu.be/Ug3lEim46zw?feature=shared
10,Matematika,Trigonometri,Perbandingan Trigonometri (Perbandingan Trigonometri pada Segitiga Siku Siku),https://youtu.be/L8rmE5rbsw0?feature=shared
10,Matematika,Trigonometri,Perbandingan Trigonometri (Mengukur Tinggi Benda menggunakan Clinometer),https://youtu.be/zikZ-V05xbQ?feature=shared
10,Matematika,Trigonometri,Perbandingan Trigonometri (Sudut Istimewa),https://youtu.be/ElJFIPKocy8?feature=shared
10,Matematika,Statistika,Pengenalan dan Manfaat Statistika,https://youtu.be/WQ9wIu-Dhkw?feature=shared
10,Matematika,Statistika,"Jangkauan, Kuartil, dan Interkuartil",https://youtu.be/UMMtJgmpwZc?feature=shared
10,Matematika,Statistika,Box Plot,https://youtu.be/Hu567u9l7Hk?feature=shared
10,Matematika,Statistika,"Perbedaan Box Plot, Histogram, dan Dot Plort",https://youtu.be/QtD3WlSKHwk?feature=shared
10,Matematika,Statistika,Diagram Pencar,https://youtu.be/Qsaih4o5aOM?feature=shared
10,Matematika,Peluang,Pengenalan dan Manfaat Peluang,https://youtu.be/a4V9sHQBuGg?feature=shared
10,Matematika,Peluang,Pengertian Peluang,https://youtu.be/MdAWjFHXcj8?feature=shared
10,Matematika,Peluang,Frekuensi Harapan,https://youtu.be/Qc9PZUpAcYc?feature=shared
10,Matematika,Peluang,Konsep Kejadian Saling Bebas,https://youtu.be/-xRfF_xU1VY?feature=shared
10,Matematika,Peluang,Konsep Kejadian Saling Lepas,https://youtu.be/Gruu3t8Afso?feature=shared
11,Matematika,Induksi Matematika,Induksi Matematika Pembuktian Deret Bilangan,https://youtu.be/e8uAx8ULEhY?feature=shared
11,Matematika,Induksi Matematika,Induksi Matematika Pembuktian Keterbagian,https://youtu.be/ZfxPFHBEmvg?feature=shared
11,Matematika,Induksi Matematika,Induksi Matematika Pembuktian Pertidaksamaan,https://youtu.be/15uY57754tQ?feature=shared
11,Matematika,Program Linear,Program Linear Bagian 1,https://youtu.be/c5NBcC2xMx8?feature=shared
11,Matematika,Program Linear,Program Linear Bagian 2,https://youtu.be/SlWGw3OhgXg?feature=shared
11,Matematika,Program Linear,Program Linear Bagian 3,https://youtu.be/nky5dpzgG3E?feature=shared
11,Matematika,Matriks,Pengenalan Matriks,https://youtu.be/HqssIxIg7T4?feature=shared
11,Matematika,Matriks,Operasi Matriks,https://youtu.be/2mIQgRSsGyc?feature=shared
11,Matematika,Matriks,Determinan Matriks,https://youtu.be/0Ipy1aKNZa8?feature=shared
11,Matematika,Matriks,"Minor, Kofaktor, dan Adjoin",https://youtu.be/KWNkmpEpVBY?feature=shared
11,Matematika,Matriks,Invers Matriks,https://youtu.be/CzrlEdZdhB0?feature=shared
11,Matematika,Transformasi Geometri,Translasi,https://youtu.be/iojzS-0DI_g?feature=shared
11,Matematika,Transformasi Geometri,Refleksi,https://youtu.be/qT9pr1C_SDY?feature=shared
11,Matematika,Transformasi Geometri,Rotasi,https://youtu.be/lBFnXBvfvnY?feature=shared
11,Matematika,Transformasi Geometri,Dilatasi,https://youtu.be/uMxYXmfCLgA?feature=shared
11,Matematika,Transformasi Geometri,Transformasi Matriks,https://youtu.be/KBX6B1-ULF0?feature=shared
11,Matematika,Limit Fungsi Aljabar,Limit Fungsi Aljabar,https://youtu.be/zE8m4xNizDY?feature=shared
11,Matematika,Turunan Fungsi Aljabar,Konsep Dasar Turunan Fungsi Aljabar,https://youtu.be/TE1BqPXXX7E?feature=shared
11,Matematika,Turunan Fungsi Aljabar,Aplikasi Turunan,https://youtu.be/oKLSwrbcYaU?feature=shared
11,Matematika,Integral Fungsi Aljabar,Konsep Dasar Integral Fungsi Aljabar,https://youtu.be/1gG1Md4EV3U?feature=shared
11,Matematika,Integral Fungsi Aljabar,Teknik Substitusi dan Parsial,https://youtu.be/lGK8BV52kj4?feature=shared
11,Matematika,Integral Fungsi Aljabar,Integral tentu,https://youtu.be/_IHMYE0f6jE?feature=shared
11,Matematika,Integral Fungsi Aljabar,Menentukan Luas Daerah menggunakan Integral,https://youtu.be/mkpKs8bsp0I?feature=shared
11,Matematika,Integral Fungsi Aljabar,Menentukan Volume Benda Putar menggunakan Integral,https://youtu.be/-kI9uhmtENc?feature=shared
11,Matematika,Integral Fungsi Aljabar,Integral Trigonometri,https://youtu.be/9NkwVaT9goM?feature=shared
11,Matematika,Identitas Trigonometri,Sudut Rangkap,https://youtu.be/ZIv282apBow?feature=shared
11,Matematika,Identitas Trigonometri,Penjumlahan dan Selisih Dua Sudut,https://youtu.be/8A6pMt553rI?feature=shared
11,Matematika,Lingkaran,Konsep Dasar dan Persamaan Lingkaran,https://youtu.be/A1EVg6s0NDg?feature=shared
11,Matematika,Lingkaran,Kedudukan Titik terhadap Lingkaran,https://youtu.be/UkcVkfMUU6w?feature=shared
11,Matematika,Lingkaran,Kedudukan Garis terhadap Lingkaran,https://youtu.be/rZKv9W_7EQo?feature=shared
11,Matematika,Lingkaran,Kedudukan 2 Buah Lingkaran,https://youtu.be/XsjcCGW8J9U?feature=shared
11,Matematika,Lingkaran,Persamaan Garis Singgung melalui Titik pada Lingkaran,https://youtu.be/Y_mciDUQ-EY?feature=shared
11,Matematika,Lingkaran,Menentukan Persamaan Garis Singgung Lingkaran jika Diketahui Gradiennya,https://youtu.be/nCUht9D5MKg?feature=shared
11,Matematika,Polinomial,Pengertian Peluang dan Operasi Polinomial,https://youtu.be/2oPK0eMkwQg?feature=shared
11,Matematika,Polinomial,Menentukan Nilai Polinomial dengan Subtitusi dan Skema Horner,https://youtu.be/2yXGcZwHlcQ?feature=shared
11,Matematika,Polinomial,"Pembagian Polinomial cara Bersusun, Horner, dan Horner-Kino",https://youtu.be/IcMsjdqXQ10?feature=shared
11,Matematika,Polinomial,Teorema Sisa dan Faktor,https://youtu.be/cvaFiVOmcJ4?feature=shared
11,Matematika,Polinomial,Menentukan Akar Akar Persamaan Polinomial,https://youtu.be/wHTGxIrINvw?feature=shared
11,Matematika,Polinomial,Jumlah dan Hasil Kali Akar Akar Persamaan Polinomial dengan Teorema Vieta,https://youtu.be/0S0aF2nGuSo?feature=shared
12,Matematika,Dimensi Tiga,Jarak Titik ke Titik,https://youtu.be/xWA4AKKUQPU?feature=shared
12,Matematika,Dimensi Tiga,Jarak Titik ke Garis,https://youtu.be/IOxRkDZ04xM?feature=shared
12,Matematika,Dimensi Tiga,Jarak Titik ke Bidang,https://youtu.be/jy2MJ8Hd1lY?feature=shared
12,Matematika,Statistika,Distribusi Frekuensi,https://youtu.be/zT4Pk6m0KtQ?feature=shared
12,Matematika,Statistika,Rataan Hitung,https://youtu.be/XQ8UJAMJcUQ?feature=shared
12,Matematika,Statistika,Modus,https://youtu.be/1tQAn-wylgg?feature=shared
12,Matematika,Statistika,Median dan Kuartil,https://youtu.be/9oP4zCpNOnY?feature=shared
12,Matematika,Statistika,Desil,https://youtu.be/aIwPoEOxEC4?feature=shared
12,Matematika,Statistika,Persentil,https://youtu.be/I3oh6NCkgp4?feature=shared
12,Matematika,Statistika,Simpangan Baku dan Varians,https://youtu.be/_qQ1JUdQ0d8?feature=shared
12,Matematika,Kaidah Pencacahan,Aturan Penjumlahan dan Perkalian,https://youtu.be/P6kH3U2fsOQ?feature=shared
12,Matematika,Kaidah Pencacahan,Aturan Pengisian Tempat,https://youtu.be/7LQxxuIQLlo?feature=shared
12,Matematika,Kaidah Pencacahan,Permutasi dan Kombinasi,https://youtu.be/706fNr8BKDc?feature=shared
12,Matematika,Peluang,"Definisi Peluang, Komplemen Kejadian, dan Frekuensi Harapan",https://youtu.be/GUV4D1hJKrA?feature=shared
12,Matematika,Peluang,"Kejadian Majemuk (Saling Lepas, Tidak Saling Lepas, Saling Bebas, dan Bersyarat)",https://youtu.be/BChA08e53q0?feature=shared
12,Matematika,Limit,Limit Fungsi Trigonometri,https://youtu.be/_nrLpuoZAgo?feature=shared
12,Matematika,Limit,Limit Tak Hingga Fungsi Aljabar,https://youtu.be/xr1ZGe4JwC0?feature=shared
12,Matematika,Limit,Limit Tak Hingga Fungsi Trigonometri,https://youtu.be/Q00FVXseRnI?feature=shared
12,Matematika,Limit,"Asimtot Datar, Tegak, Miring",https://youtu.be/mHapYu9bmQk?feature=shared
12,Matematika,Turunan,Turunan Fungsi Trigonometri,https://youtu.be/Dm8l1JeNva4?feature=shared
12,Matematika,Distribusi Binomial,Distribusi Binomial,https://youtu.be/ssq7qswqgHI?feature=shared
10,Kimia,Sistem Periodik Unsur dan Struktur Atom,Perkembangan Tabel Periodik Unsur,https://youtu.be/4HucdpXAFTg?feature=shared
10,Kimia,Sistem Periodik Unsur dan Struktur Atom,Struktur Atom,https://youtu.be/KaAipzqkDdg?feature=shared
10,Kimia,Sistem Periodik Unsur dan Struktur Atom,Perkembangan Model Atom,https://youtu.be/wc7k5ODRamE?feature=shared
10,Kimia,Ikatan Kimia,Kestabilan Atom,https://youtu.be/aIKaaJFvXcM?feature=shared
10,Kimia,Ikatan Kimia,Ikatan Ion,https://youtu.be/VuqKie6uNQs?feature=shared
10,Kimia,Ikatan Kimia,Ikatan Kovalen,https://youtu.be/88veSU0gHdM?feature=shared
10,Kimia,Ikatan Kimia,Penyimpangan Kaidah Oktet,https://youtu.be/tlDz9sO3BOk?feature=shared
10,Kimia,Ikatan Kimia,Ikatan Logam,https://youtu.be/UIw1vW80KoA?feature=shared
10,Kimia,Ikatan Kimia,Bentuk Molekul,https://youtu.be/AfRYtA0BR44?feature=shared
10,Kimia,Ikatan Kimia,Hibridisasi Molekul,https://youtu.be/62gFdGX9_0w?feature=shared
10,Kimia,Ikatan Kimia,Molekul Polar dan Non Polar,https://youtu.be/0Z9jY2yKvjw?feature=shared
10,Kimia,Ikatan Kimia,Gaya Antar Molekul,https://youtu.be/t_inEarAf5o?feature=shared
10,Kimia,Stokiometri,Massa Atom Relatif dan Molekul Relatif,https://youtu.be/z96_eP5lzRU?feature=shared
10,Kimia,Stokiometri,Konsep Mol,https://youtu.be/OrPTznxYvx8?feature=shared
10,Kimia,Stokiometri,Rumus Empiris dan Molekul,https://youtu.be/GQqo9tiWtjg?feature=shared
10,Kimia,Stokiometri,Persamaan Reaksi,https://youtu.be/pZNr73KBXog?feature=shared
10,Kimia,Stokiometri,Kadar Unsur dalam Senyawa,https://youtu.be/MJo5oZ9a0YA?feature=shared
10,Kimia,Stokiometri,Pereaksi Pembatas,https://youtu.be/hMFVlcZHHmw?feature=shared
10,Kimia,Stokiometri,Rumus Kimia Senyawa Hidrat,https://youtu.be/47fa6dp8jjg?feature=shared
10,Kimia,Stokiometri,Konsentrasi Larutan,https://youtu.be/kwhoO8o359w?feature=shared
10,Kimia,Larutan Elektrolit dan Non Elektrolit,Larutan Elektrolit dan Non Elektrolit 1,https://youtu.be/8jwYzF-Nqdc?feature=shared
10,Kimia,Larutan Elektrolit dan Non Elektrolit,Larutan Elektrolit dan Non Elektrolit 2,https://youtu.be/J4uIvMSAM9I?feature=shared
10,Kimia,Larutan Elektrolit dan Non Elektrolit,Hubungan Sifat Elektrolit dengan Ikatan Kimia,https://youtu.be/Xj_OeKkCt9c?feature=shared
10,Kimia,Hidrokarbon,Penggolongan Hidrokarbon,https://youtu.be/s8z1LNJtFtw?feature=shared
10,Kimia,Hidrokarbon,Tata Nama Alkana,https://youtu.be/HXzUk70i0wU?feature=shared
10,Kimia,Hidrokarbon,Isomer dan Sifat Sifat Alkana,https://youtu.be/38tFcT8Gzd4?feature=shared
10,Kimia,Hidrokarbon,Tata Nama Alkena,https://youtu.be/vOBDTkFI37c?feature=shared
10,Kimia,Hidrokarbon,Isomer Alkena,https://youtu.be/Ck8lQit29sI?feature=shared
10,Kimia,Hidrokarbon,Sifat Sifat Alkena,https://youtu.be/RFwvlbHmP-w?feature=shared
10,Kimia,Hidrokarbon,Tata Nama Alkuna,https://youtu.be/4VcIrw5GAJI?feature=shared
10,Kimia,Hidrokarbon,Sifat Sifat Alkuna,https://youtu.be/CFhseX0AAc0?feature=shared
10,Kimia,Hidrokarbon,Minyak Bumi,https://youtu.be/km-XtGXqudU?feature=shared
10,Kimia,Hidrokarbon,Isomer Alkuna,https://youtu.be/TZ2QjgT1-28?feature=shared
10,Kimia,Hidrokarbon,Kekhasan Atom Karbon,https://youtu.be/37D7flxb1zU?feature=shared
10,Kimia,Minyak Bumi dan Gas Alam,Pembentukan dan Pengelolaan Minyak Bumi dan Gas Alam,https://youtu.be/Nl7-D3-hb5Y?feature=shared
11,Kimia,"Struktur Atom, Sistem Periodik Unsur, dan Ikatan Kimia",Struktur Atom,https://youtu.be/KCiTpncnBwY?feature=shared
11,Kimia,"Struktur Atom, Sistem Periodik Unsur, dan Ikatan Kimia",Konfigurasi Elektron,https://youtu.be/UVUe1GlTd4Q?feature=shared
11,Kimia,"Struktur Atom, Sistem Periodik Unsur, dan Ikatan Kimia",Bilangan Kuantum,https://youtu.be/ep3MiBjdktg?feature=shared
11,Kimia,"Struktur Atom, Sistem Periodik Unsur, dan Ikatan Kimia",Lambang Atom,https://youtu.be/AARB4fWn8E0?feature=shared
11,Kimia,"Struktur Atom, Sistem Periodik Unsur, dan Ikatan Kimia",Menentukan Golongan dan Periode Berdasarkan Teori Atom,https://youtu.be/DgSjgXOvdiY?feature=shared
11,Kimia,"Struktur Atom, Sistem Periodik Unsur, dan Ikatan Kimia",Perkembangan Sistem Periodik Unsur,https://youtu.be/S1ln3T1zKzc?feature=shared
11,Kimia,"Struktur Atom, Sistem Periodik Unsur, dan Ikatan Kimia",Sifat Sifat Periodik Unsur,https://youtu.be/Ycsfg7Ftjes?feature=shared
11,Kimia,"Struktur Atom, Sistem Periodik Unsur, dan Ikatan Kimia",Ikatan Ion,https://youtu.be/W7zcSE2ZkqE?feature=shared
11,Kimia,"Struktur Atom, Sistem Periodik Unsur, dan Ikatan Kimia",Ikatan Kovalen,https://youtu.be/_OVr1w3Cwsg?feature=shared
11,Kimia,"Struktur Atom, Sistem Periodik Unsur, dan Ikatan Kimia",Kaidah Oktet,https://youtu.be/9ql-aqW4rEk?feature=shared
11,Kimia,"Struktur Atom, Sistem Periodik Unsur, dan Ikatan Kimia",Bentuk Molekul,https://youtu.be/m_6yfSWdI7Y?feature=shared
11,Kimia,"Struktur Atom, Sistem Periodik Unsur, dan Ikatan Kimia",Gaya Antar Partikel,https://youtu.be/2XiBBQV_9o4?feature=shared
11,Kimia,Termokimia,Entalpi dan Perubahan Entalpi,https://youtu.be/FjNThpLAkOY?feature=shared
11,Kimia,Termokimia,Menentukan Perubahan Entalpi Reaksi berdasarkan Data Kalorimeter,https://youtu.be/tpcP-Hg1_Y4?feature=shared
11,Kimia,Termokimia,Jenis Jenis Perubahan Entalpi Standard,https://youtu.be/d9TJdIL82Fg?feature=shared
11,Kimia,Termokimia,Menentukan Perubahan Entalalpi Reaksi berdasarkan Perubahan Entalpi Pembentuk Standard,https://youtu.be/UDutI0H2k1k?feature=shared
11,Kimia,Termokimia,Menentukan Perubahan Entalpi berdasarkan Data Energi Ikatan,https://youtu.be/63N8RoxjAmM?feature=shared
11,Kimia,Laju Reaksi,Konsentrasi Larutan,https://youtu.be/GgnicNRgzz4?feature=shared
11,Kimia,Laju Reaksi,Konsep Laju Reaksi,https://youtu.be/N55m6-_tAiY?feature=shared
11,Kimia,Laju Reaksi,Teori Tumbukan dan Faktor Pengaruh Laju Reaksi,https://youtu.be/n4VSPF0OlNM?feature=shared
11,Kimia,Laju Reaksi,Contoh Faktor Laju Reaksi,https://youtu.be/l9TqBwXKleE?feature=shared
11,Kimia,Laju Reaksi,Persamaan Laju Reaksi dan Orde Reaksi,https://youtu.be/pQKb7dQ_crY?feature=shared
11,Kimia,Laju Reaksi,Contoh Soal Persamaan Laju Reaksi dan Orde Reaksi,https://youtu.be/Dl4ZP2vTe0M?feature=shared
11,Kimia,Laju Reaksi,Laju Reaksi Rata - Rata dan Sesaat,https://youtu.be/Jz4J6UacQuA?feature=shared
11,Kimia,Kesetimbangan Kimia,Reaksi Kesetimbangan dan Tetapan Kesetimbangan,https://youtu.be/oDR1CJHEq9A?feature=shared
11,Kimia,Kesetimbangan Kimia,Menghitung Tetapan Kesetimbangan berdasarkan Konsentrasi,https://youtu.be/FxYq7zR6Pp8?feature=shared
11,Kimia,Kesetimbangan Kimia,Derajat Disosiasi,https://youtu.be/bpWfgCP9XXk?feature=shared
11,Kimia,Kesetimbangan Kimia,Menghitung Tetapan Kesetimbangan berdasarkan Tekanan,https://youtu.be/UkymNfmCdUM?feature=shared
11,Kimia,Kesetimbangan Kimia,Menghitung Kc dan Kp,https://youtu.be/L9EeSrF3Dlw?feature=shared
11,Kimia,Kesetimbangan Kimia,Faktor yang Mempengaruhi Pergeseran Kesetimbangan,https://youtu.be/K4kDaSHcPrA?feature=shared
11,Kimia,Larutan Asam dan Basa,Teori Asam Basa,https://youtu.be/e_0mceAEvks?feature=shared
11,Kimia,Larutan Asam dan Basa,Indikator Asam Basa,https://youtu.be/4aJckRYT-mk?feature=shared
11,Kimia,Larutan Asam dan Basa,Cara Menentukan pH Larutan Asam,https://youtu.be/AAUKTT-45l0?feature=shared
11,Kimia,Larutan Asam dan Basa,Cara Menentukan pH Larutan Basa,https://youtu.be/wEjzhh9rKbc?feature=shared
11,Kimia,Larutan Asam dan Basa,Pengenceran dan Pencampuran Asam Basa,https://youtu.be/zyEaiIsulsE?feature=shared
11,Kimia,Larutan Asam dan Basa,Reaksi Asam Basa,https://youtu.be/qLlevmxUc1w?feature=shared
11,Kimia,Larutan Asam dan Basa,Menentukan pH Campuran Asam Basa,https://youtu.be/-ot_1mRitUY?feature=shared
11,Kimia,Larutan Asam dan Basa,Titrasi Asam Basa,https://youtu.be/EqMVS53UDNw?feature=shared
11,Kimia,Larutan Asam dan Basa,Asam Lemah dan Asam Kuat,https://youtu.be/Mc3cxcljIxU?feature=shared
11,Kimia,Hidrolisis Garam,Sifat Garam,https://youtu.be/w3VkBDgOadg?feature=shared
11,Kimia,Hidrolisis Garam,Penentuan pH Larutan Garam,https://youtu.be/UmPzr1SJuB4?feature=shared
11,Kimia,Larutan Penyangga,Jenis Jenis Larutan Penyangga,https://youtu.be/N-0aZuKpgzE?feature=shared
11,Kimia,Larutan Penyangga,Pembuatan dan Penentuan pH Larutan Penyangga Asam,https://youtu.be/Z8f6MdEhWI8?feature=shared
11,Kimia,Larutan Penyangga,Pembuatan dan Penentuan pH Larutan Penyangga Basa,https://youtu.be/7lygCW22M4I?feature=shared
11,Kimia,Kelarutan dan Hasil Kali Kelarutan,Hubungan S dengan KSP,https://youtu.be/kxSA-sifJWo?feature=shared
11,Kimia,Kelarutan dan Hasil Kali Kelarutan,Pengaruh Ion Sejenis atau Senama,https://youtu.be/iyn4l465H-c?feature=shared
11,Kimia,Kelarutan dan Hasil Kali Kelarutan,Prakiraan Endapan,https://youtu.be/o0pn2m0voe0?feature=shared
11,Kimia,Kelarutan dan Hasil Kali Kelarutan,Hubungan KSP dan pH,https://youtu.be/LuQSAKHqdQE?feature=shared
11,Kimia,Sistem Koloid,Jenis Jenis Koloid,https://youtu.be/_SoeBjjAdOk?feature=shared
11,Kimia,Sistem Koloid,Sifat Sifat Koloid,https://youtu.be/RqYvEU5McwA?feature=shared
11,Kimia,Sistem Koloid,Pembuatan Koloid,https://youtu.be/0lDYzce-_64?feature=shared
12,Kimia,Sifat Koligatif Larutan,Larutan Elektrolit dan Non Elektrolit,https://youtu.be/U7E69KDX8Z4?feature=shared
12,Kimia,Sifat Koligatif Larutan,Larutan Elektrolit dan Non Elektrolit 2,https://youtu.be/8XW4W0fyQkQ?feature=shared
12,Kimia,Sifat Koligatif Larutan,Penurunan Tekanan Uap,https://youtu.be/5S-4qku6y_o?feature=shared
12,Kimia,Sifat Koligatif Larutan,Kenaikan Titik Didih dan Penurunan Titik Beku,https://youtu.be/OPhRBp1bpYo?feature=shared
12,Kimia,Sifat Koligatif Larutan,Tekanan Osmosis,https://youtu.be/TQe3aurdSXY?feature=shared
12,Kimia,"Reaksi Redoks, Elektrokimia, dan Elektrolisis",Bilangan Oksidasi dan Konsep Redoks,https://youtu.be/gYXwYWJO2LM?feature=shared
12,Kimia,"Reaksi Redoks, Elektrokimia, dan Elektrolisis",Penyetaraan Reaksi Metode Peubahan Biloks,https://youtu.be/zNNCLZHOgfk?feature=shared
12,Kimia,"Reaksi Redoks, Elektrokimia, dan Elektrolisis",Penyetaraan Reaksi Metode Setengah Reaksi,https://youtu.be/OOeFHM4bGq4?feature=shared
12,Kimia,"Reaksi Redoks, Elektrokimia, dan Elektrolisis",Penyetaraan Reaksi Redoks Kasus Khusus,https://youtu.be/f4CqTnnFUZw?feature=shared
12,Kimia,"Reaksi Redoks, Elektrokimia, dan Elektrolisis",Sel Volta,https://youtu.be/AYdiEfZgEeU?feature=shared
12,Kimia,"Reaksi Redoks, Elektrokimia, dan Elektrolisis",Contoh Soal Sel Volta,https://youtu.be/YvK_qgB1Oqs?feature=shared
12,Kimia,"Reaksi Redoks, Elektrokimia, dan Elektrolisis",Sel Volta dalam Kehidupan Sehari Hari,https://youtu.be/BdG5Bf24KmQ?feature=shared
12,Kimia,"Reaksi Redoks, Elektrokimia, dan Elektrolisis",Reaksi Sel Elektrolisis,https://youtu.be/iH1UaG-T-pw?feature=shared
12,Kimia,"Reaksi Redoks, Elektrokimia, dan Elektrolisis",Reaksi Sel Elektrolisis dalam Industri,https://youtu.be/bo_8yF1CifM?feature=shared
12,Kimia,"Reaksi Redoks, Elektrokimia, dan Elektrolisis",Hukum Faraday,https://youtu.be/HTr4NL4nHPo?feature=shared
12,Kimia,"Reaksi Redoks, Elektrokimia, dan Elektrolisis",Contoh Sola Hukum Faraday,https://youtu.be/RAU9xah7vYo?feature=shared
12,Kimia,Kimia Unsur,Gas Mulia,https://youtu.be/n63kHaAN7NU?feature=shared
12,Kimia,Kimia Unsur,Halogen,https://youtu.be/Fh7mCJHGmqM?feature=shared
12,Kimia,Kimia Unsur,Logam Alkali,https://youtu.be/2soKDX2wWls?feature=shared
12,Kimia,Kimia Unsur,Logam Alkali Tanah,https://youtu.be/_lSbk90IB2g?feature=shared
12,Kimia,Kimia Unsur,Kelimpahan dan Sifat Unsur Unsur Periode 3,https://youtu.be/7Qhj1dGdrjM?feature=shared
12,Kimia,Kimia Unsur,Pembuatan dan Kegunaan Unsur Periode 3,https://youtu.be/QNDNg71rwB8?feature=shared
12,Kimia,Kimia Unsur,Kelimpahan dan Sifat Unsur Unsur Golongan Transisis Periode 4,https://youtu.be/rSyJ08ta9tg?feature=shared
12,Kimia,Kimia Unsur,Pembuatan dan Kegunaan Unsur Unsur Golongan Transisis Periode 4,https://youtu.be/Q_e0bIrY6pg?feature=shared
12,Kimia,Kimia Unsur,Ion Kompleks,https://youtu.be/AZjhARSRUJk?feature=shared
12,Kimia,Kimia Unsur,Contoh Soal Ion Kompleks,https://youtu.be/2n0jjxc3S5s?feature=shared
12,Kimia,Kimia Unsur,Senyawa Kompleks,https://youtu.be/xyh8VO4o74s?feature=shared
12,Kimia,Senyawa Karbon Turunan Alkana,"Gugus Fungsi, Struktur, dan Deret Homolog",https://youtu.be/aBx9pkOusMA?feature=shared
12,Kimia,Senyawa Karbon Turunan Alkana,Tatanama Alkohol,https://youtu.be/yqZ-7z7erxg?feature=shared
12,Kimia,Senyawa Karbon Turunan Alkana,Tatanama Eter,https://youtu.be/ZIYMFpzlv_4?feature=shared
12,Kimia,Senyawa Karbon Turunan Alkana,Tatanama Aldehid,https://youtu.be/yEmxsOjK9Dg?feature=shared
12,Kimia,Senyawa Karbon Turunan Alkana,Tatanama Keton,https://youtu.be/K3ojEnCQJW0?feature=shared
12,Kimia,Senyawa Karbon Turunan Alkana,Tatanama Asam Karbosilat,https://youtu.be/uFvUUGr5HM4?feature=shared
12,Kimia,Senyawa Karbon Turunan Alkana,Tatanama Ester,https://youtu.be/Z-qSOww7tvU?feature=shared
12,Kimia,Senyawa Karbon Turunan Alkana,Tatanama Haloalkana,https://youtu.be/fFExKqAGF4E?feature=shared
12,Kimia,Senyawa Karbon Turunan Alkana,Isomer Senyawa Karbon Turunan Alkana,https://youtu.be/3JPKqUTiHnQ?feature=shared
12,Kimia,Senyawa Karbon Turunan Alkana,Contoh Soal Isomer Senyawa Karbon Turunan Alkana,https://youtu.be/mqtkNBGhcwk?feature=shared
12,Kimia,Senyawa Karbon Turunan Alkana,Isomer Optik,https://youtu.be/8_F0_6q-ZxI?feature=shared
12,Kimia,Senyawa Karbon Turunan Alkana,Reaksi Umum dan Reaksi Alkohol,https://youtu.be/yEAj1Eb9xA0?feature=shared
12,Kimia,Senyawa Karbon Turunan Alkana,Reaksi Eter - Alkil Halida,https://youtu.be/HcOga1JKOgo?feature=shared
12,Kimia,Senyawa Karbon Turunan Alkana,Pembuatan Senyawa Turunan Alkana,https://youtu.be/b0s6CAWF7y0?feature=shared
12,Kimia,Senyawa Karbon Turunan Alkana,Contoh Soal Reaksi dan Pembuatan Senyawa Karbon,https://youtu.be/1S0AZimp-t4?feature=shared
12,Kimia,Senyawa Karbon Turunan Alkana,Contoh Soal Reaksi dan Pembuatan Senyawa Karbon 2,https://youtu.be/HUkGEuHe-oo?feature=shared
12,Kimia,Senyawa Karbon Turunan Alkana,Sifat dan Kegunaan Senyawa Karbon Turunan Alkana,https://youtu.be/DEwUD46qTrQ?feature=shared
12,Kimia,Benzena dan Makromolekul,"Struktur, Sifat, Kegunaan, dan Pembuatan Benzena",https://youtu.be/l1iTvbjtax4?feature=shared
12,Kimia,Benzena dan Makromolekul,Tatanama Senyawa Turunan Benzena Orto Meta Para,https://youtu.be/3FgM3Fz52UY?feature=shared
12,Kimia,Benzena dan Makromolekul,Tatanama Senyawa Turunan Benzena Orto Meta Para 2,https://youtu.be/sLFQcqQcob4?feature=shared
12,Kimia,Benzena dan Makromolekul,Reaksi Adisi dan Subtitusi Benzena,https://youtu.be/3h_WBIqEDpk?feature=shared
12,Kimia,Benzena dan Makromolekul,Sifat dan Kegunaan Senyawa Turunan Benzena,https://youtu.be/k3wP8FD2xFU?feature=shared
12,Kimia,Benzena dan Makromolekul,Sifat dan Kegunaan Senyawa Turunan Benzena 2,https://youtu.be/tCuhylSrUEs?feature=shared
12,Kimia,Benzena dan Makromolekul,Definisi Polimer dan Reaksi Polimerisasi Adisi,https://youtu.be/cM6Z6GbhrrQ?feature=shared
12,Kimia,Benzena dan Makromolekul,Reaksi Polimerisasi Kondensasi,https://youtu.be/iVh0vdEaWrM?feature=shared
12,Kimia,Benzena dan Makromolekul,Penggolongan dan Sifat Polimer,https://youtu.be/0ttHTAHdtT8?feature=shared
12,Kimia,Benzena dan Makromolekul,Kegunaan Polimer,https://youtu.be/b-bPuRADNaM?feature=shared
12,Kimia,Benzena dan Makromolekul,Kode dalam Kemasan Plastik dan Dampak Penggunaan Polimer,https://youtu.be/8jeZjEKyxm8?feature=shared
12,Kimia,Benzena dan Makromolekul,Lemak,https://youtu.be/qMcm9WpYQZQ?feature=shared
12,Kimia,Benzena dan Makromolekul,Karbohidrat,https://youtu.be/o-sUAVFFZQw?feature=shared
12,Kimia,Benzena dan Makromolekul,Protein,https://youtu.be/3kybW5T76Ek?feature=shared
10,Biologi,Ruang Lingkup Biologi,Ruang Lingkup Biologi,https://youtu.be/Fz8tDvjuR8s?si=O4vg1NQ9cVM3V2VP
10,Biologi,Keanekaragaman Hayati,Keanekaragaman Hayati,https://youtu.be/0yF5yXyPMuc?si=hIu_4sNdxFUnxTjp
10,Biologi,Virus dan Bakteri,Bakteri,https://youtu.be/ZysZy1OfGII?si=Lx9n8i70LIeLc8XO
10,Biologi,Virus dan Bakteri,Bakteri 2,https://youtu.be/qQMwb7VJ-Dc?si=J1I0VGXVNiViJiSj
10,Biologi,Virus dan Bakteri,Virus,https://www.youtube.com/watch?v=8glI_X1XoBE
10,Biologi,Kingdom,Kingdom Plantae,https://www.youtube.com/watch?v=zFA563HWf8g
10,Biologi,Kingdom,Kingdom Fungi,https://www.youtube.com/watch?v=mtx7xk-7KqQ
10,Biologi,Ekosistem,Daur Biokimia,https://www.youtube.com/watch?v=Lqbwsl80pak
10,Biologi,Ekosistem,Ekosistem,https://www.youtube.com/watch?v=mNidHLThQyE
10,Biologi,Ekosistem,Piramida Ekologi dan Siklus Biokimia,https://www.youtube.com/watch?v=4cOS4J3H7gw
11,Biologi,Struktur dan Fungsi Sel,Struktur dan Organel Sel,https://www.youtube.com/watch?v=Xxm6xtjsFx0
11,Biologi,Struktur dan Fungsi Sel,Struktur dan Fungsi Sel,https://www.youtube.com/watch?v=qnXvIpbIxvY
11,Biologi,"Sintesis Protein
","Sintesis Protein
",https://app.ruangguru.com/ruangbelajar/v/sintesis-protein-subtopi-94td87uh-hr-sma-kelas-11-kurikulum-merdeka
11,Biologi,Sistem Pernapasan,Sistem Pernapasan Manusia,https://www.youtube.com/watch?v=A3xJisJaPME
11,Biologi,Sistem Pernapasan,Sistem Pernapasan,https://www.youtube.com/watch?v=mqwj6eqIyuA
11,Biologi,Sistem Pencernaan,Sistem Pencernaan,https://www.youtube.com/watch?v=N0PS9OpNgvo
11,Biologi,Sistem Saraf dan Indra,Sistem Saraf dan Indra,https://www.youtube.com/watch?v=sZFCYvLwsVk
11,Biologi,Sistem Ekskresi,Sistem Ekskresi,https://app.ruangguru.com/ruangbelajar/v/konsep-sistem-ekskresi-subtopi-cdlyk1wf-hr-sma-kelas-11-kurikulum-merdeka
11,Biologi,Sistem Reproduksi,Sistem Reproduksi,https://www.youtube.com/watch?v=0QpjmNAsjow
11,Biologi,Sistem Reproduksi,Sistem Reproduksi 2,https://app.ruangguru.com/ruangbelajar/v/kelahiran-dan-laktasi-qnwx9kxp3r-hr-sma-kelas-11-ipa
11,Biologi,Teori Evolusi,Teori Evolusi,https://app.ruangguru.com/ruangbelajar/v/teori-evolusi-subtopi-ssmumb73-hr-sma-kelas-11-kurikulum-merdeka
12,Biologi,Metabolisme & Enzim,Metabolisme & Enzim,https://www.youtube.com/watch?v=bLk8VR6k_tE
12,Biologi,,,https://www.youtube.com/watch?v=UJltOSp7eZ8
12,Biologi,Sintesis Protein,Sintesis Protein,https://www.youtube.com/watch?v=b1lrwukQyg4
12,Biologi,Sintesis Protein,Sintesis Protein 2,https://app.ruangguru.com/ruangbelajar/v/sintesis-protein-subtopi-l6hwwtsd-hr-sma-kelas-12-ipa
12,Biologi,"Materi Genetik: DNA, Gen, Kromosom","Materi Genetik: DNA, Gen, Kromosom",https://app.ruangguru.com/ruangbelajar/v/dna-gen-kromosom-subtopi-l6hwwtsd-hr-sma-kelas-12-ipa
12,Biologi,"Pembelahan Sel (Mitosis & Meiosis)
","Pembelahan Sel
",https://www.youtube.com/watch?v=MAt-PF5-E74
12,Biologi,"Pembelahan Sel (Mitosis & Meiosis)
","Pembelahan Sel 2
",https://app.ruangguru.com/ruangbelajar/v/konsep-pembelahan-sel-subtopi-105wbnp1-hr-sma-kelas-12-ipa
12,Biologi,Pewarisan Sifat & Hereditas,Pewarisan Sifat & Hereditas,https://www.youtube.com/watch?v=vuCI-VzfQdM
12,Biologi,Pertumbuhan & Perkembangan Tumbuhan,Pertumbuhan & Perkembangan Tumbuhan,https://www.youtube.com/watch?v=VchMNR8WmoY
12,Biologi,Evolusi,Teori Evolusi,https://www.youtube.com/watch?v=ZVwPrhy7oK0
12,Biologi,Evolusi,Evolusi,https://www.youtube.com/watch?v=Oez0Hy6AJvY
12,Biologi,Bioteknologi,Bioteknologi,https://www.youtube.com/watch?v=XSS18DC8abE